{
    "A_id": 5,
    "Size": -3.425399755,
    "Weight": -1.409082204,
    "Sweetness": -1.913511195,
    "Crunchiness": -0.555774864,
    "Juiciness": -3.85307147,
    "Ripeness": 1.914615916,
    "Acidity": -2.981523169
}

{
    "A_id": 4,
    "Size": 1.36421682,
    "Weight": -1.296611877,
    "Sweetness": -0.384658206,
    "Crunchiness": -0.55300577,
    "Juiciness": 3.030874354,
    "Ripeness": -1.303849429,
    "Acidity": 0.501984036
}


